-- MySQL dump 10.13  Distrib 8.0.20, for Win64 (x86_64)
--
-- Host: localhost    Database: madang
-- ------------------------------------------------------
-- Server version	8.0.20

/*!40101 SET @OLD_CHARACTER_SET_CLIENT=@@CHARACTER_SET_CLIENT */;
/*!40101 SET @OLD_CHARACTER_SET_RESULTS=@@CHARACTER_SET_RESULTS */;
/*!40101 SET @OLD_COLLATION_CONNECTION=@@COLLATION_CONNECTION */;
/*!50503 SET NAMES utf8mb4 */;
/*!40103 SET @OLD_TIME_ZONE=@@TIME_ZONE */;
/*!40103 SET TIME_ZONE='+00:00' */;
/*!40014 SET @OLD_UNIQUE_CHECKS=@@UNIQUE_CHECKS, UNIQUE_CHECKS=0 */;
/*!40014 SET @OLD_FOREIGN_KEY_CHECKS=@@FOREIGN_KEY_CHECKS, FOREIGN_KEY_CHECKS=0 */;
/*!40101 SET @OLD_SQL_MODE=@@SQL_MODE, SQL_MODE='NO_AUTO_VALUE_ON_ZERO' */;
/*!40111 SET @OLD_SQL_NOTES=@@SQL_NOTES, SQL_NOTES=0 */;

--
-- Table structure for table `book_table`
--

DROP TABLE IF EXISTS `book_table`;
/*!40101 SET @saved_cs_client     = @@character_set_client */;
/*!50503 SET character_set_client = utf8mb4 */;
CREATE TABLE `book_table` (
  `bookid` int NOT NULL AUTO_INCREMENT,
  `bookname` varchar(20) NOT NULL,
  `publisher` varchar(20) NOT NULL,
  `price` int NOT NULL,
  PRIMARY KEY (`bookid`)
) ENGINE=InnoDB AUTO_INCREMENT=11 DEFAULT CHARSET=utf8mb4 COLLATE=utf8mb4_0900_ai_ci;
/*!40101 SET character_set_client = @saved_cs_client */;

--
-- Dumping data for table `book_table`
--

LOCK TABLES `book_table` WRITE;
/*!40000 ALTER TABLE `book_table` DISABLE KEYS */;
INSERT INTO `book_table` VALUES (1,'축구의 역사','굿스포츠',7000),(2,'축구아는 여자','나무수',13000),(3,'축구의 이해','대한미디어',22000),(4,'골프 바이블','대한미디어',35000),(5,'피겨 교본','굿스포츠',8000),(6,'역도 단계별기술','굿스포츠',6000),(7,'야구의 추억','이상미디어',20000),(8,'야구를 부탁해','이상미디어',13000),(9,'올림픽 이야기','삼성당',7500),(10,'Olympic Champions','Pearson',13000);
/*!40000 ALTER TABLE `book_table` ENABLE KEYS */;
UNLOCK TABLES;

--
-- Table structure for table `customer_table`
--

DROP TABLE IF EXISTS `customer_table`;
/*!40101 SET @saved_cs_client     = @@character_set_client */;
/*!50503 SET character_set_client = utf8mb4 */;
CREATE TABLE `customer_table` (
  `custid` int NOT NULL AUTO_INCREMENT,
  `username` varchar(20) NOT NULL,
  `addr` varchar(30) NOT NULL,
  `phone` char(13) DEFAULT NULL,
  PRIMARY KEY (`custid`)
) ENGINE=InnoDB AUTO_INCREMENT=6 DEFAULT CHARSET=utf8mb4 COLLATE=utf8mb4_0900_ai_ci;
/*!40101 SET character_set_client = @saved_cs_client */;

--
-- Dumping data for table `customer_table`
--

LOCK TABLES `customer_table` WRITE;
/*!40000 ALTER TABLE `customer_table` DISABLE KEYS */;
INSERT INTO `customer_table` VALUES (1,'박지성','영국 맨체스타','000-5000-0001'),(2,'김연아','대한민국 서울','000-6000-0001'),(3,'장미란','대한민국 강원도','000-7000-0001'),(4,'추신수','미국 클리블랜드','000-8000-0001'),(5,'박세리','대한민국 대전',NULL);
/*!40000 ALTER TABLE `customer_table` ENABLE KEYS */;
UNLOCK TABLES;

--
-- Table structure for table `orders_table`
--

DROP TABLE IF EXISTS `orders_table`;
/*!40101 SET @saved_cs_client     = @@character_set_client */;
/*!50503 SET character_set_client = utf8mb4 */;
CREATE TABLE `orders_table` (
  `orderid` int NOT NULL AUTO_INCREMENT,
  `custid` int NOT NULL,
  `bookid` int NOT NULL,
  `saleprice` int NOT NULL,
  `orderdate` char(10) NOT NULL,
  PRIMARY KEY (`orderid`),
  KEY `custid` (`custid`),
  KEY `bookid` (`bookid`),
  CONSTRAINT `orders_table_ibfk_1` FOREIGN KEY (`custid`) REFERENCES `customer_table` (`custid`),
  CONSTRAINT `orders_table_ibfk_2` FOREIGN KEY (`bookid`) REFERENCES `book_table` (`bookid`)
) ENGINE=InnoDB AUTO_INCREMENT=11 DEFAULT CHARSET=utf8mb4 COLLATE=utf8mb4_0900_ai_ci;
/*!40101 SET character_set_client = @saved_cs_client */;

--
-- Dumping data for table `orders_table`
--

LOCK TABLES `orders_table` WRITE;
/*!40000 ALTER TABLE `orders_table` DISABLE KEYS */;
INSERT INTO `orders_table` VALUES (1,1,1,6000,'2014-07-01'),(2,1,3,21000,'2014-07-03'),(3,2,5,8000,'2014-07-03'),(4,3,6,6000,'2014-07-04'),(5,4,7,20000,'2014-07-05'),(6,1,2,12000,'2014-07-07'),(7,4,8,13000,'2014-07-07'),(8,3,10,12000,'2014-07-08'),(9,2,10,7000,'2014-07-09'),(10,3,8,13000,'2014-07-10');
/*!40000 ALTER TABLE `orders_table` ENABLE KEYS */;
UNLOCK TABLES;
/*!40103 SET TIME_ZONE=@OLD_TIME_ZONE */;

/*!40101 SET SQL_MODE=@OLD_SQL_MODE */;
/*!40014 SET FOREIGN_KEY_CHECKS=@OLD_FOREIGN_KEY_CHECKS */;
/*!40014 SET UNIQUE_CHECKS=@OLD_UNIQUE_CHECKS */;
/*!40101 SET CHARACTER_SET_CLIENT=@OLD_CHARACTER_SET_CLIENT */;
/*!40101 SET CHARACTER_SET_RESULTS=@OLD_CHARACTER_SET_RESULTS */;
/*!40101 SET COLLATION_CONNECTION=@OLD_COLLATION_CONNECTION */;
/*!40111 SET SQL_NOTES=@OLD_SQL_NOTES */;

-- Dump completed on 2022-03-16 13:26:40
