STRING_ID,DESCRIPTION,ENGLISH,SIMPLIFIED_CHINESE,KOREAN
LANGUAGE_CODE,"IETF language tag(s) without dash

// https://docs.google.com/spreadsheets/d/17f0dQawb-s_Fd7DHgmVvJoEGDMH_yoSd8EYigrb0zmM/edit#gid=296134756

에서 자료가지고옴",enUS enGB,zhCN zhSG,koKR
LANGUAGE_EN,[LanguageName] in english,English,Simplified Chinese,Korean
LANGUAGE_DIRECTION,ltr or rtl (text direction used by game code),ltr,ltr,ltr
,,,,
Polyglot,100,,,
CONTEXT_Test01,[Noun] Character class,테스트,중국값없음,없음
CONTEXT_Test{0}_{1},테스트용,{0}_{1}_Test,{1}_{0}_Test,테스트_{0}_{1}
CONTEXT_ErrorMsg,[Noun] Character class,ErrorMSG,China_ErrorMsg,에러메시지
CONTEXT_CHARACTER_CLASS,[Noun] Character class,Class,角色种类,직업
CONTEXT_CHARACTER_DELETE,[Verb],Delete Character,删除角色,캐릭터 지우기
CONTEXT_CHARACTER_NEW,Typically used in rpgs/mmorpgs,New Character,创新角色,캐릭터 만들기
CONTEXT_CLASS_AI,[Noun],Artificial Intelligence,人工智能,인공지능
CONTEXT_CLASS_ALIEN,[Noun],Alien,外星人,외계인
CONTEXT_CLASS_CLONE,[Noun],Clone,复制,복제 인간
CONTEXT_CLASS_CYBORG,[Noun],Cyborg,机器人,사이보그
CONTEXT_CLASS_DEITY,[Noun],Deity,神灵,신
CONTEXT_CLASS_DEMON,[Noun],Demon,魔鬼,악마
CONTEXT_CLASS_DEMONNESS,[Noun],Demoness,女魔,악마
CONTEXT_CLASS_DRAGON,[Noun],Dragon,龙,드래곤
CONTEXT_CLASS_DRAGON_PLURAL,[Noun/Plural],Dragons,龙,드래곤
CONTEXT_CLASS_GHOST,[Noun],Ghost,鬼,유령
CONTEXT_CLASS_GOD,[Noun],God,神,신
CONTEXT_CLASS_GOD_PLURAL,[Noun/Plural],Gods,神,신
CONTEXT_CLASS_GODDESS,[Noun],Goddess,女神,여신
CONTEXT_CLASS_MAGE,[Noun],Mage,魔法师,마법사
CONTEXT_CLASS_MEDIC,[Noun] A person involved in medicine,Medic,军医,의무관
CONTEXT_CLASS_MONSTER,[Noun],Monster,怪兽,괴물
CONTEXT_CLASS_NINJA,[Noun],Ninja,忍者,닌자
CONTEXT_CLASS_PIRATE,[Noun],Pirate,海贼,해적
CONTEXT_CLASS_PRIEST,[Noun],Priest,祭士,사제
CONTEXT_CLASS_PRINCE,[Noun],Prince,王子,왕자
CONTEXT_CLASS_PRINCESS,[Noun],Princess,公主,공주
CONTEXT_CLASS_ROBOT,[Noun],Robot,机器人,로봇
CONTEXT_CLASS_SKELETON,[Noun],Skeleton,尸骨,스켈레톤
CONTEXT_CLASS_SNIPER,[Noun],Sniper,狙击射手,저격수
CONTEXT_CLASS_SOLDIER,[Noun],Soldier,战士,군인
CONTEXT_CLASS_THIEF,[Noun],Thief,盗贼,도둑
CONTEXT_CLASS_WARRIOR,[Noun],Warrior,武士,전사
CONTEXT_CLASS_WIZARD,[Noun],Wizard,巫师,마법사
CONTEXT_CLASS_ZOMBIE,[Noun],Zombie,僵尸,좀비
CONTEXT_CLASS_ZOMBIE_PLURAL,[Noun/Plural],Zombies,僵尸,좀비
CONTEXT_COMPETITION_FIRST,[Noun],First place,第一名,일등
CONTEXT_COMPETITION_PLACE_NOUN,[Noun] What place someone came in competition,Place,名次,등수
CONTEXT_COMPETITION_SECOND,[Noun],Second place,第二名,이등
CONTEXT_COMPETITION_THIRD,[Noun],Third place,第三名,삼등
CONTEXT_CONDITION_BURNING,[Adjective],Burning,燃烧,화상
CONTEXT_CONDITION_CRITICAL,[Adjective],Critical,瀕死,치명상
CONTEXT_CONDITION_DEAD,[Adjective] [Default male],Dead,死亡,사망
CONTEXT_CONDITION_FROZEN,[Adjective] [Default male],Frozen,凍結,동결
CONTEXT_CONDITION_POISONED,[Adjective] [Default male],Poisoned,毒,중독
CONTEXT_CONDITION_SLOWED,[Adjective] [Default male],Slowed,減速,감속
CONTEXT_CONDITION_STUNNED,[Adjective] [Default male],Stunned,眩晕,스턴
CONTEXT_CONDITION_UNCONSCIOUS,[Adjective],Unconscious,失去知觉,기절
CONTEXT_CONDITION_UNHURT,[Adjective] [Default male] No wounds,Unhurt,未受伤,정상
CONTEXT_CONDITION_WET,[Adjective] [Default male],Wet,.湿,젖음
CONTEXT_CONDITION_WOUNDED,[Adjective] [Default male],Wounded,受伤,부상
CONTEXT_DESCRIPTION_BIG,[Adjective],Big,大,대
CONTEXT_DESCRIPTION_HUGE,[Adjective] Very large,Huge,极大,특대